[{"model": "auth.permission", "pk": 1, "fields": {"name": "Can add log entry", "content_type": 1, "codename": "add_logentry"}}, {"model": "auth.permission", "pk": 2, "fields": {"name": "Can change log entry", "content_type": 1, "codename": "change_logentry"}}, {"model": "auth.permission", "pk": 3, "fields": {"name": "Can delete log entry", "content_type": 1, "codename": "delete_logentry"}}, {"model": "auth.permission", "pk": 4, "fields": {"name": "Can view log entry", "content_type": 1, "codename": "view_logentry"}}, {"model": "auth.permission", "pk": 5, "fields": {"name": "Can add permission", "content_type": 2, "codename": "add_permission"}}, {"model": "auth.permission", "pk": 6, "fields": {"name": "Can change permission", "content_type": 2, "codename": "change_permission"}}, {"model": "auth.permission", "pk": 7, "fields": {"name": "Can delete permission", "content_type": 2, "codename": "delete_permission"}}, {"model": "auth.permission", "pk": 8, "fields": {"name": "Can view permission", "content_type": 2, "codename": "view_permission"}}, {"model": "auth.permission", "pk": 9, "fields": {"name": "Can add group", "content_type": 3, "codename": "add_group"}}, {"model": "auth.permission", "pk": 10, "fields": {"name": "Can change group", "content_type": 3, "codename": "change_group"}}, {"model": "auth.permission", "pk": 11, "fields": {"name": "Can delete group", "content_type": 3, "codename": "delete_group"}}, {"model": "auth.permission", "pk": 12, "fields": {"name": "Can view group", "content_type": 3, "codename": "view_group"}}, {"model": "auth.permission", "pk": 13, "fields": {"name": "Can add user", "content_type": 4, "codename": "add_user"}}, {"model": "auth.permission", "pk": 14, "fields": {"name": "Can change user", "content_type": 4, "codename": "change_user"}}, {"model": "auth.permission", "pk": 15, "fields": {"name": "Can delete user", "content_type": 4, "codename": "delete_user"}}, {"model": "auth.permission", "pk": 16, "fields": {"name": "Can view user", "content_type": 4, "codename": "view_user"}}, {"model": "auth.permission", "pk": 17, "fields": {"name": "Can add content type", "content_type": 5, "codename": "add_contenttype"}}, {"model": "auth.permission", "pk": 18, "fields": {"name": "Can change content type", "content_type": 5, "codename": "change_contenttype"}}, {"model": "auth.permission", "pk": 19, "fields": {"name": "Can delete content type", "content_type": 5, "codename": "delete_contenttype"}}, {"model": "auth.permission", "pk": 20, "fields": {"name": "Can view content type", "content_type": 5, "codename": "view_contenttype"}}, {"model": "auth.permission", "pk": 21, "fields": {"name": "Can add session", "content_type": 6, "codename": "add_session"}}, {"model": "auth.permission", "pk": 22, "fields": {"name": "Can change session", "content_type": 6, "codename": "change_session"}}, {"model": "auth.permission", "pk": 23, "fields": {"name": "Can delete session", "content_type": 6, "codename": "delete_session"}}, {"model": "auth.permission", "pk": 24, "fields": {"name": "Can view session", "content_type": 6, "codename": "view_session"}}, {"model": "auth.permission", "pk": 25, "fields": {"name": "Can add usuario", "content_type": 7, "codename": "add_usuario"}}, {"model": "auth.permission", "pk": 26, "fields": {"name": "Can change usuario", "content_type": 7, "codename": "change_usuario"}}, {"model": "auth.permission", "pk": 27, "fields": {"name": "Can delete usuario", "content_type": 7, "codename": "delete_usuario"}}, {"model": "auth.permission", "pk": 28, "fields": {"name": "Can view usuario", "content_type": 7, "codename": "view_usuario"}}, {"model": "auth.permission", "pk": 29, "fields": {"name": "Can add proyecto", "content_type": 8, "codename": "add_proyecto"}}, {"model": "auth.permission", "pk": 30, "fields": {"name": "Can change proyecto", "content_type": 8, "codename": "change_proyecto"}}, {"model": "auth.permission", "pk": 31, "fields": {"name": "Can delete proyecto", "content_type": 8, "codename": "delete_proyecto"}}, {"model": "auth.permission", "pk": 32, "fields": {"name": "Can view proyecto", "content_type": 8, "codename": "view_proyecto"}}, {"model": "auth.permission", "pk": 33, "fields": {"name": "Can add retrospectiva", "content_type": 9, "codename": "add_retrospectiva"}}, {"model": "auth.permission", "pk": 34, "fields": {"name": "Can change retrospectiva", "content_type": 9, "codename": "change_retrospectiva"}}, {"model": "auth.permission", "pk": 35, "fields": {"name": "Can delete retrospectiva", "content_type": 9, "codename": "delete_retrospectiva"}}, {"model": "auth.permission", "pk": 36, "fields": {"name": "Can view retrospectiva", "content_type": 9, "codename": "view_retrospectiva"}}, {"model": "auth.permission", "pk": 37, "fields": {"name": "Can add sprint", "content_type": 10, "codename": "add_sprint"}}, {"model": "auth.permission", "pk": 38, "fields": {"name": "Can change sprint", "content_type": 10, "codename": "change_sprint"}}, {"model": "auth.permission", "pk": 39, "fields": {"name": "Can delete sprint", "content_type": 10, "codename": "delete_sprint"}}, {"model": "auth.permission", "pk": 40, "fields": {"name": "Can view sprint", "content_type": 10, "codename": "view_sprint"}}, {"model": "auth.permission", "pk": 41, "fields": {"name": "Can add us", "content_type": 11, "codename": "add_us"}}, {"model": "auth.permission", "pk": 42, "fields": {"name": "Can change us", "content_type": 11, "codename": "change_us"}}, {"model": "auth.permission", "pk": 43, "fields": {"name": "Can delete us", "content_type": 11, "codename": "delete_us"}}, {"model": "auth.permission", "pk": 44, "fields": {"name": "Can view us", "content_type": 11, "codename": "view_us"}}, {"model": "auth.permission", "pk": 45, "fields": {"name": "Can add us asignada", "content_type": 12, "codename": "add_usasignada"}}, {"model": "auth.permission", "pk": 46, "fields": {"name": "Can change us asignada", "content_type": 12, "codename": "change_usasignada"}}, {"model": "auth.permission", "pk": 47, "fields": {"name": "Can delete us asignada", "content_type": 12, "codename": "delete_usasignada"}}, {"model": "auth.permission", "pk": 48, "fields": {"name": "Can view us asignada", "content_type": 12, "codename": "view_usasignada"}}, {"model": "auth.permission", "pk": 49, "fields": {"name": "Can add comentario", "content_type": 13, "codename": "add_comentario"}}, {"model": "auth.permission", "pk": 50, "fields": {"name": "Can change comentario", "content_type": 13, "codename": "change_comentario"}}, {"model": "auth.permission", "pk": 51, "fields": {"name": "Can delete comentario", "content_type": 13, "codename": "delete_comentario"}}, {"model": "auth.permission", "pk": 52, "fields": {"name": "Can view comentario", "content_type": 13, "codename": "view_comentario"}}, {"model": "auth.permission", "pk": 53, "fields": {"name": "Can add rol", "content_type": 14, "codename": "add_rol"}}, {"model": "auth.permission", "pk": 54, "fields": {"name": "Can change rol", "content_type": 14, "codename": "change_rol"}}, {"model": "auth.permission", "pk": 55, "fields": {"name": "Can delete rol", "content_type": 14, "codename": "delete_rol"}}, {"model": "auth.permission", "pk": 56, "fields": {"name": "Can view rol", "content_type": 14, "codename": "view_rol"}}, {"model": "auth.permission", "pk": 57, "fields": {"name": "Can add rol asignado", "content_type": 15, "codename": "add_rolasignado"}}, {"model": "auth.permission", "pk": 58, "fields": {"name": "Can change rol asignado", "content_type": 15, "codename": "change_rolasignado"}}, {"model": "auth.permission", "pk": 59, "fields": {"name": "Can delete rol asignado", "content_type": 15, "codename": "delete_rolasignado"}}, {"model": "auth.permission", "pk": 60, "fields": {"name": "Can view rol asignado", "content_type": 15, "codename": "view_rolasignado"}}, {"model": "auth.permission", "pk": 61, "fields": {"name": "Can add registro horas", "content_type": 16, "codename": "add_registrohoras"}}, {"model": "auth.permission", "pk": 62, "fields": {"name": "Can change registro horas", "content_type": 16, "codename": "change_registrohoras"}}, {"model": "auth.permission", "pk": 63, "fields": {"name": "Can delete registro horas", "content_type": 16, "codename": "delete_registrohoras"}}, {"model": "auth.permission", "pk": 64, "fields": {"name": "Can view registro horas", "content_type": 16, "codename": "view_registrohoras"}}, {"model": "contenttypes.contenttype", "pk": 1, "fields": {"app_label": "admin", "model": "logentry"}}, {"model": "contenttypes.contenttype", "pk": 2, "fields": {"app_label": "auth", "model": "permission"}}, {"model": "contenttypes.contenttype", "pk": 3, "fields": {"app_label": "auth", "model": "group"}}, {"model": "contenttypes.contenttype", "pk": 4, "fields": {"app_label": "auth", "model": "user"}}, {"model": "contenttypes.contenttype", "pk": 5, "fields": {"app_label": "contenttypes", "model": "contenttype"}}, {"model": "contenttypes.contenttype", "pk": 6, "fields": {"app_label": "sessions", "model": "session"}}, {"model": "contenttypes.contenttype", "pk": 7, "fields": {"app_label": "api", "model": "usuario"}}, {"model": "contenttypes.contenttype", "pk": 8, "fields": {"app_label": "api", "model": "proyecto"}}, {"model": "contenttypes.contenttype", "pk": 9, "fields": {"app_label": "api", "model": "retrospectiva"}}, {"model": "contenttypes.contenttype", "pk": 10, "fields": {"app_label": "api", "model": "sprint"}}, {"model": "contenttypes.contenttype", "pk": 11, "fields": {"app_label": "api", "model": "us"}}, {"model": "contenttypes.contenttype", "pk": 12, "fields": {"app_label": "api", "model": "usasignada"}}, {"model": "contenttypes.contenttype", "pk": 13, "fields": {"app_label": "api", "model": "comentario"}}, {"model": "contenttypes.contenttype", "pk": 14, "fields": {"app_label": "api", "model": "rol"}}, {"model": "contenttypes.contenttype", "pk": 15, "fields": {"app_label": "api", "model": "rolasignado"}}, {"model": "contenttypes.contenttype", "pk": 16, "fields": {"app_label": "api", "model": "registrohoras"}}, {"model": "api.usuario", "pk": "google-oauth2|103622886353802110880", "fields": {"nombre": "Ana Imizcoz", "proy_admin": false, "email": "anaimizcoz29@gmail.com"}}, {"model": "api.usuario", "pk": "google-oauth2|107932595964631537560", "fields": {"nombre": "Chris Bentele", "proy_admin": true, "email": "christian.bentele@fpuna.edu.py"}}, {"model": "api.usuario", "pk": "google-oauth2|115554065719432531178", "fields": {"nombre": "Fabrizio Alejandro Sorrentino Stipanovich", "proy_admin": false, "email": "fabrisorrentino@fpuna.edu.py"}}, {"model": "api.proyecto", "pk": "0842e952-c470-4950-a32b-510b6d13d6d2", "fields": {"duracionEstimada": 50, "fechaInicio": "2021-12-03", "fechaFinalizacion": null, "estado": 0, "nombre": "Pixel 6", "miembros": ["google-oauth2|103622886353802110880", "google-oauth2|115554065719432531178"]}}, {"model": "api.proyecto", "pk": "1a628225-d014-404f-aa4f-0f997b8c165c", "fields": {"duracionEstimada": 12, "fechaInicio": "2021-12-03", "fechaFinalizacion": null, "estado": 0, "nombre": "Google", "miembros": ["google-oauth2|107932595964631537560", "google-oauth2|115554065719432531178"]}}, {"model": "api.proyecto", "pk": "9db4dc0d-8e15-46d7-a27e-f2eb357211ac", "fields": {"duracionEstimada": 17, "fechaInicio": "2021-12-03", "fechaFinalizacion": null, "estado": 0, "nombre": "Hollow Knight", "miembros": ["google-oauth2|103622886353802110880", "google-oauth2|107932595964631537560"]}}, {"model": "api.proyecto", "pk": "b5a06671-8865-42af-937c-7c0f457f0281", "fields": {"duracionEstimada": 22, "fechaInicio": "2021-12-03", "fechaFinalizacion": null, "estado": 0, "nombre": "Amazon", "miembros": ["google-oauth2|103622886353802110880", "google-oauth2|107932595964631537560", "google-oauth2|115554065719432531178"]}}, {"model": "api.proyecto", "pk": "c78ae7fb-0534-4bc2-abc9-c04fb4b26b91", "fields": {"duracionEstimada": 6, "fechaInicio": "2021-12-03", "fechaFinalizacion": null, "estado": 0, "nombre": "Netflix", "miembros": ["google-oauth2|103622886353802110880", "google-oauth2|107932595964631537560", "google-oauth2|115554065719432531178"]}}, {"model": "api.sprint", "pk": 1, "fields": {"nombre": "Sprint Alpha", "activo": false, "fechaCreacion": "2021-12-03", "fechaInicio": null, "fechaFinalizacion": null, "estimacion": 7, "creadoPor": "google-oauth2|107932595964631537560", "terminado": false, "retro": null, "proyecto": "9db4dc0d-8e15-46d7-a27e-f2eb357211ac"}}, {"model": "api.sprint", "pk": 3, "fields": {"nombre": "Primera quincena de diciembre", "activo": false, "fechaCreacion": "2021-12-03", "fechaInicio": null, "fechaFinalizacion": null, "estimacion": 15, "creadoPor": "google-oauth2|115554065719432531178", "terminado": false, "retro": null, "proyecto": "1a628225-d014-404f-aa4f-0f997b8c165c"}}, {"model": "api.sprint", "pk": 4, "fields": {"nombre": "Sprint 1", "activo": false, "fechaCreacion": "2021-12-03", "fechaInicio": null, "fechaFinalizacion": null, "estimacion": 10, "creadoPor": "google-oauth2|103622886353802110880", "terminado": false, "retro": null, "proyecto": "c78ae7fb-0534-4bc2-abc9-c04fb4b26b91"}}, {"model": "api.sprint", "pk": 5, "fields": {"nombre": "Sprint 2", "activo": false, "fechaCreacion": "2021-12-03", "fechaInicio": null, "fechaFinalizacion": null, "estimacion": 7, "creadoPor": "google-oauth2|103622886353802110880", "terminado": false, "retro": null, "proyecto": "c78ae7fb-0534-4bc2-abc9-c04fb4b26b91"}}, {"model": "api.sprint", "pk": 7, "fields": {"nombre": "Segunda quincena de diciembre", "activo": false, "fechaCreacion": "2021-12-03", "fechaInicio": null, "fechaFinalizacion": null, "estimacion": 12, "creadoPor": "google-oauth2|115554065719432531178", "terminado": false, "retro": null, "proyecto": "0842e952-c470-4950-a32b-510b6d13d6d2"}}, {"model": "api.sprint", "pk": 8, "fields": {"nombre": "Primera quincena de enero", "activo": false, "fechaCreacion": "2021-12-03", "fechaInicio": null, "fechaFinalizacion": null, "estimacion": 15, "creadoPor": "google-oauth2|115554065719432531178", "terminado": false, "retro": null, "proyecto": "0842e952-c470-4950-a32b-510b6d13d6d2"}}, {"model": "api.sprint", "pk": 9, "fields": {"nombre": "Sprint #1", "activo": false, "fechaCreacion": "2021-12-03", "fechaInicio": null, "fechaFinalizacion": null, "estimacion": 10, "creadoPor": "google-oauth2|107932595964631537560", "terminado": false, "retro": null, "proyecto": "b5a06671-8865-42af-937c-7c0f457f0281"}}, {"model": "api.us", "pk": 1, "fields": {"nombre": "diseño ciudad de las lagrimas", "contenido": "falta agregar casas en la parte inferior derecha", "creadoPor": "google-oauth2|107932595964631537560", "fechaCreacion": "2021-12-03", "estado": 4, "prioridad": 0, "estimacionSM": 24, "estimacionesDev": 28, "duracionEstimada": null, "sprint": 1, "proyecto": "9db4dc0d-8e15-46d7-a27e-f2eb357211ac"}}, {"model": "api.us", "pk": 2, "fields": {"nombre": "hitbox enemigos", "contenido": "concretamente hormigas y moscas", "creadoPor": "google-oauth2|107932595964631537560", "fechaCreacion": "2021-12-03", "estado": 4, "prioridad": 0, "estimacionSM": 15, "estimacionesDev": 15, "duracionEstimada": null, "sprint": 1, "proyecto": "9db4dc0d-8e15-46d7-a27e-f2eb357211ac"}}, {"model": "api.us", "pk": 3, "fields": {"nombre": "bug mantis", "contenido": "no aparecen las 2da y 3ra mantis al ganar a la primera", "creadoPor": "google-oauth2|107932595964631537560", "fechaCreacion": "2021-12-03", "estado": 4, "prioridad": 0, "estimacionSM": 32, "estimacionesDev": 40, "duracionEstimada": null, "sprint": 1, "proyecto": "9db4dc0d-8e15-46d7-a27e-f2eb357211ac"}}, {"model": "api.us", "pk": 4, "fields": {"nombre": "Busqueda de sitios web", "contenido": "Permite al usuario buscar por toda la web un sitio web", "creadoPor": "google-oauth2|115554065719432531178", "fechaCreacion": "2021-12-03", "estado": 4, "prioridad": 0, "estimacionSM": 12, "estimacionesDev": 15, "duracionEstimada": null, "sprint": 3, "proyecto": "1a628225-d014-404f-aa4f-0f997b8c165c"}}, {"model": "api.us", "pk": 5, "fields": {"nombre": "Ads como resultados", "contenido": "Incluir ads no invasivos entre los resultados", "creadoPor": "google-oauth2|115554065719432531178", "fechaCreacion": "2021-12-03", "estado": 4, "prioridad": 0, "estimacionSM": 22, "estimacionesDev": 28, "duracionEstimada": null, "sprint": 3, "proyecto": "1a628225-d014-404f-aa4f-0f997b8c165c"}}, {"model": "api.us", "pk": 6, "fields": {"nombre": "Calculadora", "contenido": "App de calculador cuando se busca un problema matematico simple", "creadoPor": "google-oauth2|115554065719432531178", "fechaCreacion": "2021-12-03", "estado": 4, "prioridad": 0, "estimacionSM": 18, "estimacionesDev": 18, "duracionEstimada": null, "sprint": 3, "proyecto": "1a628225-d014-404f-aa4f-0f997b8c165c"}}, {"model": "api.us", "pk": 7, "fields": {"nombre": "Traductor", "contenido": "App de traductor directo cuando se usa la palabra clave \"traducir\" entre otras", "creadoPor": "google-oauth2|115554065719432531178", "fechaCreacion": "2021-12-03", "estado": 4, "prioridad": 0, "estimacionSM": 25, "estimacionesDev": 30, "duracionEstimada": null, "sprint": 3, "proyecto": "1a628225-d014-404f-aa4f-0f997b8c165c"}}, {"model": "api.us", "pk": 8, "fields": {"nombre": "Gustos de usuarios con ML", "contenido": "Faltan agregar ciertas condiciones para que el algoritmo funcione correctamente", "creadoPor": "google-oauth2|103622886353802110880", "fechaCreacion": "2021-12-03", "estado": 4, "prioridad": 0, "estimacionSM": 20, "estimacionesDev": 24, "duracionEstimada": null, "sprint": 5, "proyecto": "c78ae7fb-0534-4bc2-abc9-c04fb4b26b91"}}, {"model": "api.us", "pk": 9, "fields": {"nombre": "Notificaciones de posible contenido", "contenido": "Relacionado con lo que pueda agradar al usuario", "creadoPor": "google-oauth2|103622886353802110880", "fechaCreacion": "2021-12-03", "estado": 4, "prioridad": 0, "estimacionSM": 6, "estimacionesDev": 8, "duracionEstimada": null, "sprint": 5, "proyecto": "c78ae7fb-0534-4bc2-abc9-c04fb4b26b91"}}, {"model": "api.us", "pk": 10, "fields": {"nombre": "UI/UX main", "contenido": "Cambiar cards de cada contenido y hacer que se reproduzca el trailer al hover", "creadoPor": "google-oauth2|103622886353802110880", "fechaCreacion": "2021-12-03", "estado": 4, "prioridad": 0, "estimacionSM": 16, "estimacionesDev": 20, "duracionEstimada": null, "sprint": 4, "proyecto": "c78ae7fb-0534-4bc2-abc9-c04fb4b26b91"}}, {"model": "api.us", "pk": 11, "fields": {"nombre": "Eliminar de la lista", "contenido": "Agregar opción para eliminar un elemento de \"continuar viendo\"", "creadoPor": "google-oauth2|103622886353802110880", "fechaCreacion": "2021-12-03", "estado": 4, "prioridad": 0, "estimacionSM": 8, "estimacionesDev": 8, "duracionEstimada": null, "sprint": 4, "proyecto": "c78ae7fb-0534-4bc2-abc9-c04fb4b26b91"}}, {"model": "api.us", "pk": 12, "fields": {"nombre": "Contactar con Ghibli", "contenido": "Conseguir derechos por 2 años minimo para Latam", "creadoPor": "google-oauth2|103622886353802110880", "fechaCreacion": "2021-12-03", "estado": 4, "prioridad": 0, "estimacionSM": 2, "estimacionesDev": 2, "duracionEstimada": null, "sprint": 4, "proyecto": "c78ae7fb-0534-4bc2-abc9-c04fb4b26b91"}}, {"model": "api.us", "pk": 13, "fields": {"nombre": "bugfix dirección", "contenido": "arreglar bug al introducir una dirección rellenada de google", "creadoPor": "google-oauth2|107932595964631537560", "fechaCreacion": "2021-12-03", "estado": 4, "prioridad": 0, "estimacionSM": 30, "estimacionesDev": 34, "duracionEstimada": null, "sprint": null, "proyecto": "b5a06671-8865-42af-937c-7c0f457f0281"}}, {"model": "api.us", "pk": 14, "fields": {"nombre": "mejorar algoritmo deliveries", "contenido": "mejorar la selección de delivery truck en base a la ubicación de entrega", "creadoPor": "google-oauth2|107932595964631537560", "fechaCreacion": "2021-12-03", "estado": 4, "prioridad": 0, "estimacionSM": 60, "estimacionesDev": 75, "duracionEstimada": null, "sprint": 9, "proyecto": "b5a06671-8865-42af-937c-7c0f457f0281"}}, {"model": "api.us", "pk": 15, "fields": {"nombre": "Reparto de Peliculas/Series", "contenido": "Revelar en una seccion arriba el reparto de la Peliculas o series buscada", "creadoPor": "google-oauth2|115554065719432531178", "fechaCreacion": "2021-12-03", "estado": 4, "prioridad": 0, "estimacionSM": 34, "estimacionesDev": 34, "duracionEstimada": null, "sprint": 3, "proyecto": "1a628225-d014-404f-aa4f-0f997b8c165c"}}, {"model": "api.us", "pk": 18, "fields": {"nombre": "Camaras (video)", "contenido": "Disminuir el stutter relacionado al algoritmo de estabilidad", "creadoPor": "google-oauth2|115554065719432531178", "fechaCreacion": "2021-12-03", "estado": 4, "prioridad": 0, "estimacionSM": 40, "estimacionesDev": 45, "duracionEstimada": null, "sprint": 8, "proyecto": "0842e952-c470-4950-a32b-510b6d13d6d2"}}, {"model": "api.us", "pk": 21, "fields": {"nombre": "Camaras", "contenido": "Solucionar saturación extra con los nuevos lentes", "creadoPor": "google-oauth2|115554065719432531178", "fechaCreacion": "2021-12-03", "estado": 4, "prioridad": 0, "estimacionSM": 32, "estimacionesDev": 35, "duracionEstimada": null, "sprint": 8, "proyecto": "0842e952-c470-4950-a32b-510b6d13d6d2"}}, {"model": "api.us", "pk": 22, "fields": {"nombre": "Bug notificaciones", "contenido": "Solucionar bug con los quick settings al tener el dispositivo en landscape", "creadoPor": "google-oauth2|115554065719432531178", "fechaCreacion": "2021-12-03", "estado": 4, "prioridad": 0, "estimacionSM": 16, "estimacionesDev": 16, "duracionEstimada": null, "sprint": 7, "proyecto": "0842e952-c470-4950-a32b-510b6d13d6d2"}}, {"model": "api.us", "pk": 23, "fields": {"nombre": "Batería", "contenido": "Optimizar la batería al utilizar la cámara y juegos", "creadoPor": "google-oauth2|115554065719432531178", "fechaCreacion": "2021-12-03", "estado": 4, "prioridad": 0, "estimacionSM": 24, "estimacionesDev": 24, "duracionEstimada": null, "sprint": 8, "proyecto": "0842e952-c470-4950-a32b-510b6d13d6d2"}}, {"model": "api.us", "pk": 24, "fields": {"nombre": "White palace bug música", "contenido": "El loop de la música tiene un fallo mínimo", "creadoPor": "google-oauth2|107932595964631537560", "fechaCreacion": "2021-12-03", "estado": 4, "prioridad": 0, "estimacionSM": 3, "estimacionesDev": 3, "duracionEstimada": null, "sprint": 1, "proyecto": "9db4dc0d-8e15-46d7-a27e-f2eb357211ac"}}, {"model": "api.us", "pk": 25, "fields": {"nombre": "solucionar bug en gustos", "contenido": "los clientes reciben recomendaciones erróneas", "creadoPor": "google-oauth2|107932595964631537560", "fechaCreacion": "2021-12-03", "estado": 4, "prioridad": 0, "estimacionSM": 18, "estimacionesDev": 25, "duracionEstimada": null, "sprint": 9, "proyecto": "b5a06671-8865-42af-937c-7c0f457f0281"}}, {"model": "api.us", "pk": 26, "fields": {"nombre": "bug animacion lockscreen", "contenido": "al desbloquear con fingerprint", "creadoPor": "google-oauth2|115554065719432531178", "fechaCreacion": "2021-12-03", "estado": 4, "prioridad": 0, "estimacionSM": 13, "estimacionesDev": 13, "duracionEstimada": null, "sprint": 7, "proyecto": "0842e952-c470-4950-a32b-510b6d13d6d2"}}, {"model": "api.us", "pk": 27, "fields": {"nombre": "rapidez fingerprint", "contenido": "optimizar la velocidad del uso del sensor de huellas", "creadoPor": "google-oauth2|115554065719432531178", "fechaCreacion": "2021-12-03", "estado": 4, "prioridad": 0, "estimacionSM": 40, "estimacionesDev": 40, "duracionEstimada": null, "sprint": 8, "proyecto": "0842e952-c470-4950-a32b-510b6d13d6d2"}}, {"model": "api.usasignada", "pk": 1, "fields": {"us": 1, "usuario": "google-oauth2|103622886353802110880"}}, {"model": "api.usasignada", "pk": 2, "fields": {"us": 8, "usuario": "google-oauth2|107932595964631537560"}}, {"model": "api.usasignada", "pk": 3, "fields": {"us": 9, "usuario": "google-oauth2|107932595964631537560"}}, {"model": "api.usasignada", "pk": 4, "fields": {"us": 10, "usuario": "google-oauth2|115554065719432531178"}}, {"model": "api.usasignada", "pk": 5, "fields": {"us": 11, "usuario": "google-oauth2|115554065719432531178"}}, {"model": "api.usasignada", "pk": 6, "fields": {"us": 12, "usuario": "google-oauth2|103622886353802110880"}}, {"model": "api.usasignada", "pk": 7, "fields": {"us": 18, "usuario": "google-oauth2|103622886353802110880"}}, {"model": "api.usasignada", "pk": 8, "fields": {"us": 21, "usuario": "google-oauth2|103622886353802110880"}}, {"model": "api.usasignada", "pk": 9, "fields": {"us": 22, "usuario": "google-oauth2|115554065719432531178"}}, {"model": "api.usasignada", "pk": 10, "fields": {"us": 23, "usuario": "google-oauth2|115554065719432531178"}}, {"model": "api.usasignada", "pk": 11, "fields": {"us": 2, "usuario": "google-oauth2|107932595964631537560"}}, {"model": "api.usasignada", "pk": 12, "fields": {"us": 3, "usuario": "google-oauth2|103622886353802110880"}}, {"model": "api.usasignada", "pk": 13, "fields": {"us": 24, "usuario": "google-oauth2|107932595964631537560"}}, {"model": "api.usasignada", "pk": 14, "fields": {"us": 4, "usuario": "google-oauth2|107932595964631537560"}}, {"model": "api.usasignada", "pk": 15, "fields": {"us": 5, "usuario": "google-oauth2|107932595964631537560"}}, {"model": "api.usasignada", "pk": 16, "fields": {"us": 6, "usuario": "google-oauth2|115554065719432531178"}}, {"model": "api.usasignada", "pk": 17, "fields": {"us": 7, "usuario": "google-oauth2|107932595964631537560"}}, {"model": "api.usasignada", "pk": 18, "fields": {"us": 15, "usuario": "google-oauth2|115554065719432531178"}}, {"model": "api.usasignada", "pk": 19, "fields": {"us": 13, "usuario": "google-oauth2|103622886353802110880"}}, {"model": "api.usasignada", "pk": 20, "fields": {"us": 14, "usuario": "google-oauth2|115554065719432531178"}}, {"model": "api.usasignada", "pk": 21, "fields": {"us": 25, "usuario": "google-oauth2|103622886353802110880"}}, {"model": "api.usasignada", "pk": 22, "fields": {"us": 27, "usuario": "google-oauth2|115554065719432531178"}}, {"model": "api.usasignada", "pk": 23, "fields": {"us": 26, "usuario": "google-oauth2|115554065719432531178"}}, {"model": "api.rol", "pk": "0842e952-c470-4950-a32b-510b6d13d6d2", "fields": {"nombre": "Scrum Master", "proyecto": "0842e952-c470-4950-a32b-510b6d13d6d2", "permisos": "[\"1\", \"2\", \"3\", \"4\", \"5\", \"6\", \"7\", \"8\", \"9\", \"10\", \"11\", \"12\", \"13\", \"14\", \"15\", \"16\", \"17\", \"18\", \"19\", \"20\", \"21\", \"22\", \"23\", \"24\"]"}}, {"model": "api.rol", "pk": "178e474a-2d02-4efc-84c0-c827ad82c95d", "fields": {"nombre": "Product Owner", "proyecto": "c78ae7fb-0534-4bc2-abc9-c04fb4b26b91", "permisos": "[\"1\", \"2\", \"5\", \"6\", \"7\", \"9\"]"}}, {"model": "api.rol", "pk": "1852f01b-8f3a-4694-8982-432ea169f3df", "fields": {"nombre": "Product Owner", "proyecto": "9db4dc0d-8e15-46d7-a27e-f2eb357211ac", "permisos": "[\"1\", \"2\", \"5\", \"6\", \"7\", \"9\"]"}}, {"model": "api.rol", "pk": "1a628225-d014-404f-aa4f-0f997b8c165c", "fields": {"nombre": "Scrum Master", "proyecto": "1a628225-d014-404f-aa4f-0f997b8c165c", "permisos": "[\"1\", \"2\", \"3\", \"4\", \"5\", \"6\", \"7\", \"8\", \"9\", \"10\", \"11\", \"12\", \"13\", \"14\", \"15\", \"16\", \"17\", \"18\", \"19\", \"20\", \"21\", \"22\", \"23\", \"24\"]"}}, {"model": "api.rol", "pk": "1f496574-b089-4b99-9254-e050ea18b13b", "fields": {"nombre": "Developer", "proyecto": "b5a06671-8865-42af-937c-7c0f457f0281", "permisos": "[\"1\", \"6\", \"8\", \"10\"]"}}, {"model": "api.rol", "pk": "2b5f28f4-a05e-40bd-8b3f-1a0a0ff10bb9", "fields": {"nombre": "Developer", "proyecto": "0842e952-c470-4950-a32b-510b6d13d6d2", "permisos": "[\"1\", \"6\", \"8\", \"10\"]"}}, {"model": "api.rol", "pk": "3649b08b-04a5-4cff-b97b-e2b7b44f2f8a", "fields": {"nombre": "Developer", "proyecto": "1a628225-d014-404f-aa4f-0f997b8c165c", "permisos": "[\"1\", \"6\", \"8\", \"10\"]"}}, {"model": "api.rol", "pk": "87792840-50f3-444d-a0df-7fc2e9f001fe", "fields": {"nombre": "Developer", "proyecto": "9db4dc0d-8e15-46d7-a27e-f2eb357211ac", "permisos": "[\"1\", \"6\", \"8\", \"10\"]"}}, {"model": "api.rol", "pk": "9db4dc0d-8e15-46d7-a27e-f2eb357211ac", "fields": {"nombre": "Scrum Master", "proyecto": "9db4dc0d-8e15-46d7-a27e-f2eb357211ac", "permisos": "[\"1\", \"2\", \"3\", \"4\", \"5\", \"6\", \"7\", \"8\", \"9\", \"10\", \"11\", \"12\", \"13\", \"14\", \"15\", \"16\", \"17\", \"18\", \"19\", \"20\", \"21\", \"22\", \"23\", \"24\"]"}}, {"model": "api.rol", "pk": "b5a06671-8865-42af-937c-7c0f457f0281", "fields": {"nombre": "Scrum Master", "proyecto": "b5a06671-8865-42af-937c-7c0f457f0281", "permisos": "[\"1\", \"2\", \"3\", \"4\", \"5\", \"6\", \"7\", \"8\", \"9\", \"10\", \"11\", \"12\", \"13\", \"14\", \"15\", \"16\", \"17\", \"18\", \"19\", \"20\", \"21\", \"22\", \"23\", \"24\"]"}}, {"model": "api.rol", "pk": "b9e9c222-2d5d-4576-ab63-6db7c03b041e", "fields": {"nombre": "Product Owner", "proyecto": "0842e952-c470-4950-a32b-510b6d13d6d2", "permisos": "[\"1\", \"2\", \"5\", \"6\", \"7\", \"9\"]"}}, {"model": "api.rol", "pk": "c1f858ac-3ac2-49fd-85e5-b03809fc0240", "fields": {"nombre": "Product Owner", "proyecto": "1a628225-d014-404f-aa4f-0f997b8c165c", "permisos": "[\"1\", \"2\", \"5\", \"6\", \"7\", \"9\"]"}}, {"model": "api.rol", "pk": "c78ae7fb-0534-4bc2-abc9-c04fb4b26b91", "fields": {"nombre": "Scrum Master", "proyecto": "c78ae7fb-0534-4bc2-abc9-c04fb4b26b91", "permisos": "[\"1\", \"2\", \"3\", \"4\", \"5\", \"6\", \"7\", \"8\", \"9\", \"10\", \"11\", \"12\", \"13\", \"14\", \"15\", \"16\", \"17\", \"18\", \"19\", \"20\", \"21\", \"22\", \"23\", \"24\"]"}}, {"model": "api.rol", "pk": "cad106c6-207e-4929-b747-ee3e40918721", "fields": {"nombre": "Product Owner", "proyecto": "b5a06671-8865-42af-937c-7c0f457f0281", "permisos": "[\"1\", \"2\", \"5\", \"6\", \"7\", \"9\"]"}}, {"model": "api.rol", "pk": "f7afb3fa-35a0-4487-a4c1-d785bffc93cd", "fields": {"nombre": "Developer", "proyecto": "c78ae7fb-0534-4bc2-abc9-c04fb4b26b91", "permisos": "[\"1\", \"6\", \"8\", \"10\"]"}}, {"model": "api.rolasignado", "pk": "0842e952-c470-4950-a32b-510b6d13d6d2", "fields": {"rol": "0842e952-c470-4950-a32b-510b6d13d6d2", "usuario": "google-oauth2|115554065719432531178", "proyecto": "0842e952-c470-4950-a32b-510b6d13d6d2"}}, {"model": "api.rolasignado", "pk": "0ff4c292-c143-4c70-ad12-87d4864cbe53", "fields": {"rol": "f7afb3fa-35a0-4487-a4c1-d785bffc93cd", "usuario": "google-oauth2|107932595964631537560", "proyecto": "c78ae7fb-0534-4bc2-abc9-c04fb4b26b91"}}, {"model": "api.rolasignado", "pk": "1a628225-d014-404f-aa4f-0f997b8c165c", "fields": {"rol": "1a628225-d014-404f-aa4f-0f997b8c165c", "usuario": "google-oauth2|115554065719432531178", "proyecto": "1a628225-d014-404f-aa4f-0f997b8c165c"}}, {"model": "api.rolasignado", "pk": "4a4bbec9-5385-494b-b042-bb7a033cef58", "fields": {"rol": "1f496574-b089-4b99-9254-e050ea18b13b", "usuario": "google-oauth2|103622886353802110880", "proyecto": "b5a06671-8865-42af-937c-7c0f457f0281"}}, {"model": "api.rolasignado", "pk": "4db878c0-d029-4050-ac49-185eef67edac", "fields": {"rol": "2b5f28f4-a05e-40bd-8b3f-1a0a0ff10bb9", "usuario": "google-oauth2|103622886353802110880", "proyecto": "0842e952-c470-4950-a32b-510b6d13d6d2"}}, {"model": "api.rolasignado", "pk": "6ab5accd-af9c-4355-92a8-2e7ba2ddee22", "fields": {"rol": "1f496574-b089-4b99-9254-e050ea18b13b", "usuario": "google-oauth2|115554065719432531178", "proyecto": "b5a06671-8865-42af-937c-7c0f457f0281"}}, {"model": "api.rolasignado", "pk": "9db4dc0d-8e15-46d7-a27e-f2eb357211ac", "fields": {"rol": "9db4dc0d-8e15-46d7-a27e-f2eb357211ac", "usuario": "google-oauth2|107932595964631537560", "proyecto": "9db4dc0d-8e15-46d7-a27e-f2eb357211ac"}}, {"model": "api.rolasignado", "pk": "aff186da-cac3-4442-a904-67dfe9c96777", "fields": {"rol": "87792840-50f3-444d-a0df-7fc2e9f001fe", "usuario": "google-oauth2|103622886353802110880", "proyecto": "9db4dc0d-8e15-46d7-a27e-f2eb357211ac"}}, {"model": "api.rolasignado", "pk": "b5a06671-8865-42af-937c-7c0f457f0281", "fields": {"rol": "b5a06671-8865-42af-937c-7c0f457f0281", "usuario": "google-oauth2|107932595964631537560", "proyecto": "b5a06671-8865-42af-937c-7c0f457f0281"}}, {"model": "api.rolasignado", "pk": "c78ae7fb-0534-4bc2-abc9-c04fb4b26b91", "fields": {"rol": "c78ae7fb-0534-4bc2-abc9-c04fb4b26b91", "usuario": "google-oauth2|103622886353802110880", "proyecto": "c78ae7fb-0534-4bc2-abc9-c04fb4b26b91"}}, {"model": "api.rolasignado", "pk": "d689247d-a050-4499-993b-b53ed89daa9e", "fields": {"rol": "3649b08b-04a5-4cff-b97b-e2b7b44f2f8a", "usuario": "google-oauth2|107932595964631537560", "proyecto": "1a628225-d014-404f-aa4f-0f997b8c165c"}}, {"model": "api.rolasignado", "pk": "dddab5a1-a2f9-4947-972b-1aff5f8bf0b2", "fields": {"rol": "f7afb3fa-35a0-4487-a4c1-d785bffc93cd", "usuario": "google-oauth2|115554065719432531178", "proyecto": "c78ae7fb-0534-4bc2-abc9-c04fb4b26b91"}}]